-- MySQL dump 10.13  Distrib 8.0.21, for Win64 (x86_64)
--
-- Host: localhost    Database: g9_gonature
-- ------------------------------------------------------
-- Server version	8.0.21

/*!40101 SET @OLD_CHARACTER_SET_CLIENT=@@CHARACTER_SET_CLIENT */;
/*!40101 SET @OLD_CHARACTER_SET_RESULTS=@@CHARACTER_SET_RESULTS */;
/*!40101 SET @OLD_COLLATION_CONNECTION=@@COLLATION_CONNECTION */;
/*!50503 SET NAMES utf8 */;
/*!40103 SET @OLD_TIME_ZONE=@@TIME_ZONE */;
/*!40103 SET TIME_ZONE='+00:00' */;
/*!40014 SET @OLD_UNIQUE_CHECKS=@@UNIQUE_CHECKS, UNIQUE_CHECKS=0 */;
/*!40014 SET @OLD_FOREIGN_KEY_CHECKS=@@FOREIGN_KEY_CHECKS, FOREIGN_KEY_CHECKS=0 */;
/*!40101 SET @OLD_SQL_MODE=@@SQL_MODE, SQL_MODE='NO_AUTO_VALUE_ON_ZERO' */;
/*!40111 SET @OLD_SQL_NOTES=@@SQL_NOTES, SQL_NOTES=0 */;

--
-- Dumping data for table `canceledorders`
--

LOCK TABLES `canceledorders` WRITE;
/*!40000 ALTER TABLE `canceledorders` DISABLE KEYS */;
INSERT INTO `canceledorders` VALUES ('5','kim@gmail.com','0543456543','member',500,349.86,'disney','2020-12-09 12:00:00','1113','111222333','0',1112),('6','Scott@gmail.com','0543456548','member',600,466.48,'disney','2020-12-09 12:00:00','1120','111221333','0',1113),('15','Cameron@yahoo.com','0503456541','group',1500,1102.5,'disney','2020-12-28 08:00:00','1141','324321239','0',1114),('6','nastya@walla.com','0565859898','regular',600,499.8,'disney','2021-01-18 16:00:00','null','323255569','0',1115),('6','rinat@walla.com','0565555551','group',600,499.8,'disney','2021-01-31 12:00:00','null','568598889','0',1116),('6','Kanye@yahoo.com','0533456541','member',600,471.23999999999995,'universal','2021-01-10 16:00:00','1129','234543343','0',1117);
/*!40000 ALTER TABLE `canceledorders` ENABLE KEYS */;
UNLOCK TABLES;

--
-- Dumping data for table `creditcard`
--

LOCK TABLES `creditcard` WRITE;
/*!40000 ALTER TABLE `creditcard` DISABLE KEYS */;
INSERT INTO `creditcard` VALUES ('1234234534564560','Kim Kardashian','4/2021',234,'111222333'),('1234234534564561','Kourtney Kardashian','3/2021',235,'111222334'),('1234234534564562','Khloe Kardashian','1/2021',236,'111222335'),('1234234534564563','Robert Kardashian','6/2021',345,'111222336'),('1234234534564564','Kylie Jenner','3/2021',346,'111222337'),('1234234534564565','Kendel Jenner','8/2021',678,'111222338');
/*!40000 ALTER TABLE `creditcard` ENABLE KEYS */;
UNLOCK TABLES;

--
-- Dumping data for table `discounts`
--

LOCK TABLES `discounts` WRITE;
/*!40000 ALTER TABLE `discounts` DISABLE KEYS */;
INSERT INTO `discounts` VALUES ('jurasic','2021-01-08 00:00:00','2021-01-16 00:00:00','1112','0.95'),('disney','2021-01-08 00:00:00','2021-01-16 00:00:00','1113','0.98'),('universal','2021-01-08 00:00:00','2021-01-16 00:00:00','1114','0.99'),('disney','2021-01-17 00:00:00','2021-01-23 00:00:00','1115','0.97'),('jurasic','2021-01-17 00:00:00','2021-01-23 00:00:00','1116','0.94'),('universal','2021-01-17 00:00:00','2021-01-23 00:00:00','1117','0.98'),('disney','2021-01-25 00:00:00','2021-01-31 00:00:00','1118','0.97'),('jurasic','2021-01-25 00:00:00','2021-01-31 00:00:00','1119','0.97'),('universal','2021-01-25 00:00:00','2021-01-31 00:00:00','1120','0.94');
/*!40000 ALTER TABLE `discounts` ENABLE KEYS */;
UNLOCK TABLES;

--
-- Dumping data for table `employee`
--

LOCK TABLES `employee` WRITE;
/*!40000 ALTER TABLE `employee` DISABLE KEYS */;
INSERT INTO `employee` VALUES ('shawn','12345678','Shawn','Mendes',12341,'hey@hey.com','ParkEmployee','disney',0),('rinat','12345678','rinat','st',12343,'r@r.com','ParkManager','disney',0),('bark','12345678','bar','katz',12344,'bar@Nature.com','ParkManager','jurasic',0),('hodaya','12345678','Hodaya','Mekonen',12344,'hey@hey.com','DepartmentManager','disney',0),('harry','12345678','Harry','Styles',12345,'hey@hey.com','ServiceRepresentative','universal',0),('jennifer','12345678','Jennifer','Lopez',12346,'hey@hey.com','ServiceRepresentative','disney',0),('haim','12345678','Haim','Azulay',12347,'hey@hey.com','ParkManager','universal',0),('nastya','12345678','Nastya','Kokin',12348,'hey@hey.com','ParkEmployee','universal',0),('beyonce','12345678','Beyonce','Knowles',12349,'hey@hey.com','ParkEmployee','jurasic',0),('roia','12345678','Roi','Amar',12350,'hey@hey.com','ServiceRepresentative','jurasic',0);
/*!40000 ALTER TABLE `employee` ENABLE KEYS */;
UNLOCK TABLES;

--
-- Dumping data for table `enteryandexit`
--

LOCK TABLES `enteryandexit` WRITE;
/*!40000 ALTER TABLE `enteryandexit` DISABLE KEYS */;
INSERT INTO `enteryandexit` VALUES (1005,'2021-01-09 00:24:03','2021-01-09 00:30:03','universal','regular',5);
/*!40000 ALTER TABLE `enteryandexit` ENABLE KEYS */;
UNLOCK TABLES;

--
-- Dumping data for table `member`
--

LOCK TABLES `member` WRITE;
/*!40000 ALTER TABLE `member` DISABLE KEYS */;
INSERT INTO `member` VALUES (111222333,'Kim','Kardashian','1113','0543456543','kim@gmail.com','yes','member',4),(111222334,'Kourtney','Kardashian','1114','0543456541','Kourtney@gmail.com','yes','member',3),(111222335,'Khloe ','Kardashian','1115','0543456542','Khloe@gmail.com','yes','member',2),(111222336,'Robert ','Kardashian','1116','0543456544','Robert@gmail.com','yes','member',2),(111222337,'Kylie ','Jenner','1117','0543456545','Kylie@gmail.com','yes','member',2),(111222338,'Kendel ','Jenner','1118','0543456546','Kendel@gmail.com','yes','member',1),(111222339,'Kris','Jenner','1119','0543456547','Kris@gmail.com','yes','member',1),(111221333,'Scott','Disick','1120','0543456548','Scott@gmail.com','yes','member',2),(222333444,'Oprah','Winfrey','1121','0523456543','Oprah@yahoo.com','yes','member',2),(222333441,'Brad','Pitt','1122','0523456541','Brad@yahoo.com','yes','member',7),(222333442,'Bradley','Cooper','1123','0523456542','Bradley@yahoo.com','yes','member',1),(222333443,'Justin','Bieber','1124','0523456544','Justin@yahoo.com','yes','member',2),(222333445,'Hailey','Baldwin','1125','0523456545','Hailey@yahoo.com','yes','member',1),(222333446,'Halle','Berry','1126','0523456546','Halle@yahoo.com','yes','member',5),(234543345,'Selena','Gomez','1127','0523456547','Selena@yahoo.com','yes','member',1),(234543344,'Shawn','Carter','1128','0523456548','Shawn@yahoo.com','yes','member',4),(234543343,'Kanye','West','1129','0533456541','Kanye@yahoo.com','yes','member',2),(234543342,'Denzel','Washington','1130','0533456542','Denzel@yahoo.com','yes','member',3),(234543341,'Rihanna','Fenty','1131','0533456544','Rihanna@gmail.com','yes','member',4),(234543346,'Ciara','win','1132','0533456545','Ciara@gmail.com','yes','member',3),(234543347,'George','Clooney','1133','0533456546','George@gmail.com','yes','member',1),(234543348,'Matt','Damon','1134','0533456547','Matt@yahoo.com','yes','member',4),(234543349,'Nicole','Kidman','1135','0533456548','Nicole@yahoo.com','yes','member',3),(324321234,'Bruno','Mars','1136','0503456544','Bruno@yahoo.com','yes','member',1),(324321235,'Maluma','Arias','1137','0503456545','Maluma@yahoo.com','yes','group',0),(324321236,'Jason','Statham','1138','0503456546','Jason@gmail.com','yes','group',0),(324321237,'Liam','Payne','1139','0503456547','Liam@gmail.com','yes','group',0),(324321238,'Liam','Neeson','1140','0503456548','LiamN@gmail.com','yes','group',0),(324321239,'Cameron','Diaz','1141','0503456541','Cameron@yahoo.com','yes','group',0),(325321239,'Angelina','Jolie','1142','0503457441','Angelina@yahoo.com','no','member',8);
/*!40000 ALTER TABLE `member` ENABLE KEYS */;
UNLOCK TABLES;

--
-- Dumping data for table `orders`
--

LOCK TABLES `orders` WRITE;
/*!40000 ALTER TABLE `orders` DISABLE KEYS */;
INSERT INTO `orders` VALUES ('8','kim@gmail.com','0543456543','member',800,581.4,'jurasic','2021-01-09 08:00:00','1113','111222333','0',1112),('4','john@gmail.com','0565434543','regular',400,323,'jurasic','2021-01-09 12:00:00','null','444555666','0',1113),('10','Maluma@yahoo.com','0503456545','group',1000,712.5,'jurasic','2021-01-09 16:00:00','1137','324321235','0',1114),('2','Kourtney@gmail.com','0543456541','member',200,129.2,'jurasic','2021-01-10 08:00:00','1114','111222334','0',1115),('15','Jason@gmail.com','0503456546','group',1500,1068.75,'jurasic','2021-01-10 12:00:00','1138','324321236','0',1116),('3','johny@gmail.com','0534323454','regular',300,242.25,'jurasic','2021-01-10 16:00:00','null','234123234','0',1117),('10','Liam@gmail.com','0503456547','group',1000,712.5,'jurasic','2021-01-11 08:00:00','1139','324321237','0',1118),('5','Khloe@gmail.com','0543456542','member',500,371.45,'jurasic','2021-01-11 12:00:00','1115','111222335','0',1119),('1','jack@gmail.com','0546765432','regular',100,80.75,'jurasic','2021-01-11 16:00:00','null','897787765','0',1120),('5','nur@gmail.com','0565432345','regular',500,403.75,'jurasic','2021-01-12 08:00:00','null','777666554','0',1122),('3','Robert@gmail.com','0543456544','member',300,209.95,'jurasic','2021-01-12 12:00:00','1116','111222336','0',1123),('12','Cameron@yahoo.com','0503456541','group',1200,855,'jurasic','2021-01-12 16:00:00','1141','324321239','0',1124),('7','micha@walla.com','0564345432','regular',700,565.25,'jurasic','2021-01-13 08:00:00','null','345434565','0',1125),('15','LiamN@gmail.com','0503456548','group',1500,1068.75,'jurasic','2021-01-14 12:00:00','1140','324321238','0',1126),('3','Kylie@gmail.com','0543456545','member',300,209.95,'jurasic','2021-01-13 12:00:00','1117','111222337','0',1127),('8','Maluma@yahoo.com','0503456545','group',800,570,'jurasic','2021-01-13 16:00:00','1137','324321235','0',1128),('2','Kendel@gmail.com','0543456546','member',200,145.35,'jurasic','2021-01-14 08:00:00','1118','111222338','0',1129),('2','shir@gmail.com','0564321231','regular',200,161.5,'jurasic','2021-01-14 16:00:00','null','776655664','0',1130),('1','Kris@gmail.com','0543456547','member',100,64.6,'jurasic','2021-01-15 08:00:00','1119','111222339','0',1131),('7','Liam@gmail.com','0503456547','group',700,498.75,'jurasic','2021-01-15 12:00:00','1139','324321237','0',1132),('2','mil@gmaill.com','0532343212','regular',200,161.5,'jurasic','2021-01-15 16:00:00','null','987876765','0',1133),('14','LiamN@gmail.com','0503456548','group',1400,997.5,'jurasic','2021-01-16 08:00:00','1140','324321238','0',1135),('3','loi@gmail.com','0543456787','regular',300,242.25,'jurasic','2021-01-16 12:00:00','null','123432124','0',1137),('4','Scott@gmail.com','0543456548','member',400,290.7,'jurasic','2021-01-16 16:00:00','1120','111221333','0',1139),('8','gal@walla.com','0567654567','regular',800,646,'jurasic','2021-01-17 08:00:00','null','454323432','0',1140),('15','Jason@gmail.com','0503456546','group',1500,1068.75,'jurasic','2021-01-17 12:00:00','1138','324321236','0',1141),('5','gili@walla.com','0576789876','regular',500,403.75,'jurasic','2021-01-09 12:00:00','null','564675786','0',1142),('4','Oprah@yahoo.com','0523456543','member',400,290.7,'jurasic','2021-01-17 16:00:00','1121','222333444','0',1143),('8','Brad@yahoo.com','0523456541','member',800,532.95,'jurasic','2021-01-17 12:00:00','1122','222333441','0',1145),('7','gilli@wall.com','0576789876','regular',700,565.25,'jurasic','2021-01-17 12:00:00','null','564675786','0',1146),('15','Cameron@yahoo.com','0503456541','group',1500,1068.75,'jurasic','2021-01-17 08:00:00','1141','324321239','0',1147),('15','LiamN@gmail.com','0503456548','group',1500,1068.75,'jurasic','2021-01-17 08:00:00','1140','324321238','0',1148),('10','Bradley@yahoo.com','0523456542','member',1000,791.35,'jurasic','2021-01-18 08:00:00','1123','222333442','0',1149),('15','Jason@gmail.com','0503456546','group',1500,1068.75,'jurasic','2021-01-18 08:00:00','1138','324321236','0',1150),('5','kim@gmail.com','0543456543','member',500,339.15,'jurasic','2021-01-18 08:00:00','1113','111222333','0',1151),('7','Justin@yahoo.com','0523456544','member',700,532.95,'jurasic','2021-01-18 08:00:00','1124','222333443','0',1152),('4','Hay@yahoo.com','0523459945','regular',400,323,'jurasic','2021-01-18 12:00:00','null','123432123','0',1154),('3','hila@gmail.com','0564345676','regular',300,242.25,'jurasic','2021-01-18 16:00:00','null','545434543','0',1155),('15','Maluma@yahoo.com','0503456545','group',1500,1068.75,'jurasic','2021-01-19 12:00:00','1137','324321235','0',1156),('15','Jason@gmail.com','0503456546','group',1500,1068.75,'jurasic','2021-01-19 12:00:00','1138','324321236','0',1157),('10','Kris@gmail.com','0543456547','member',1000,791.35,'jurasic','2021-01-19 12:00:00','1119','111222339','0',1159),('3','roni@yahoo.com','0528888544','regular',300,242.25,'jurasic','2021-01-19 16:00:00','null','456354635','0',1160),('4','milan@walla.com','0564345676','regular',400,323,'jurasic','2021-01-19 08:00:00','null','345432344','0',1161),('10','Selena@yahoo.com','0523456547','member',1000,791.35,'jurasic','2021-01-20 08:00:00','1127','234543345','0',1162),('8','limi@gmail.com','0576543234','regular',800,646,'jurasic','2021-01-20 08:00:00','null','012343212','0',1163),('12','Cameron@yahoo.com','0503456541','group',1200,855,'jurasic','2021-01-20 12:00:00','1141','324321239','0',1164),('4','gilat@gmail.com','0587656789','regular',400,323,'jurasic','2021-01-20 16:00:00','null','023454327','0',1165),('10','Shawn@yahoo.com','0523456548','member',1000,742.9,'jurasic','2021-01-20 08:00:00','1128','234543344','0',1167),('15','Liam@gmail.com','0503456547','group',1500,1068.75,'jurasic','2021-01-21 08:00:00','1139','324321237','0',1168),('3','Denzel@yahoo.com','0533456542','member',300,193.79999999999998,'jurasic','2021-01-21 12:00:00','1130','234543342','0',1169),('1','hola@walla.com','0586543456','regular',100,80.75,'jurasic','2021-01-21 16:00:00','null','098787654','0',1170),('3','eyal@gmail.com','0589876787','regular',300,242.25,'jurasic','2021-01-22 08:00:00','null','034321234','0',1172),('5','Rihanna@gmail.com','0533456544','member',500,339.15,'jurasic','2021-01-22 12:00:00','1131','234543341','0',1173),('8','Cameron@yahoo.com','0503456541','group',800,570,'jurasic','2021-01-22 16:00:00','1141','324321239','0',1174),('15','Jason@gmail.com','0503456546','group',1500,1068.75,'jurasic','2021-01-23 08:00:00','1138','324321236','0',1175),('3','Ciara@gmail.com','0533456545','member',300,193.79999999999998,'jurasic','2021-01-23 12:00:00','1132','234543346','0',1176),('2','rona@walla.com','0598767876','regular',200,161.5,'jurasic','2021-01-23 16:00:00','null','333223221','0',1177),('1','George@gmail.com','0533456546','member',100,64.6,'jurasic','2021-01-24 08:00:00','1133','234543347','0',1178),('8','Angelina@yahoo.com','0503457441','member',800,516.8,'jurasic','2021-01-24 12:00:00','1142','325321239','0',1179),('4','lior@gmail.com','0587678987','regular',400,323,'jurasic','2021-01-24 16:00:00','null','987876678','0',1181),('4','Matt@yahoo.com','0533456547','member',400,258.4,'jurasic','2021-01-25 08:00:00','1134','234543348','0',1182),('9','Angelina@yahoo.com','0503457441','member',900,597.55,'jurasic','2021-01-25 12:00:00','1142','325321239','0',1183),('1','lidan@walla.com','0535645345','regular',100,80.75,'jurasic','2021-01-25 16:00:00','null','098876565','0',1184),('6','lori@gmail.com','0598964324','regular',600,484.5,'jurasic','2021-01-26 08:00:00','null','233322212','0',1185),('3','Nicole@yahoo.com','0533456548','member',300,193.79999999999998,'jurasic','2021-01-26 12:00:00','1135','234543349','0',1186),('12','Liam@gmail.com','0503456547','group',1200,855,'jurasic','2021-01-26 16:00:00','1139','324321237','0',1188),('4','flori@walla.com','0588765456','regular',400,323,'jurasic','2021-01-27 08:00:00','null','012367654','0',1189),('1','Bruno@yahoo.com','0503456544','member',100,64.6,'jurasic','2021-01-27 12:00:00','1136','324321234','0',1190),('13','Maluma@yahoo.com','0503456545','group',1300,926.25,'jurasic','2021-01-27 16:00:00','1137','324321235','0',1192),('1','liroi@gmail.com','0564345432','regular',100,80.75,'jurasic','2021-01-28 16:00:00','null','335665447','0',1194),('8','LiamN@gmail.com','0503456548','group',800,570,'jurasic','2021-01-28 08:00:00','1140','324321238','0',1195),('4','kim@gmail.com','0543456543','member',400,258.4,'jurasic','2021-01-28 12:00:00','1113','111222333','0',1196),('2','Khloe@gmail.com','0543456542','member',200,129.2,'jurasic','2021-01-29 08:00:00','1115','111222335','0',1197),('5','aliyah@gmail.com','0534323432','regular',500,403.75,'jurasic','2021-01-29 12:00:00','null','454433323','0',1198),('12','Maluma@yahoo.com','0503456545','group',1200,855,'jurasic','2021-01-29 16:00:00','1137','324321235','0',1199),('7','hello@gmail.com','0584678765','regular',700,565.25,'jurasic','2021-01-30 08:00:00','null','243423423','0',1201),('3','Oprah@yahoo.com','0523456543','member',300,209.95,'jurasic','2021-01-30 12:00:00','1121','222333444','0',1202),('14','Cameron@yahoo.com','0503456541','group',1400,997.5,'jurasic','2021-01-30 16:00:00','1141','324321239','0',1203),('2','miran@walla.com','0565434534','regular',200,161.5,'jurasic','2021-01-31 08:00:00','null','220330440','0',1204),('6','Bradley@yahoo.com','0523456542','member',600,468.35,'jurasic','2021-01-31 12:00:00','1123','222333442','0',1205),('15','LiamN@gmail.com','0503456548','group',1500,1068.75,'jurasic','2021-01-31 16:00:00','1140','324321238','0',1206),('6','kim@gmail.com','0543456543','member',600,419.9,'jurasic','2020-12-10 08:00:00','1113','111222333','0',1210),('3','john@gmail.com','0565434543','regular',300,242.25,'jurasic','2020-12-10 12:00:00','null','120120120','0',1211),('12','Maluma@yahoo.com','0503456545','group',1200,855,'jurasic','2020-12-10 16:00:00','1137','324321235','0',1212),('1','johny@gmail.com','0534323454','regular',100,80.75,'jurasic','2020-12-11 08:00:00','null','121121121','0',1213),('14','Jason@gmail.com','0503456546','group',1400,997.5,'jurasic','2020-12-11 12:00:00','1138','324321236','0',1214),('2','Kourtney@gmail.com','0543456541','member',200,129.2,'jurasic','2020-12-11 16:00:00','1114','111222334','0',1215),('3','jack@gmail.com','0546765432','regular',300,242.25,'jurasic','2020-12-12 08:00:00','null','897787765','0',1216),('3','Khloe@gmail.com','0543456542','member',300,209.95,'jurasic','2020-12-12 12:00:00','1115','111222335','0',1217),('12','Liam@gmail.com','0503456547','group',1200,855,'jurasic','2020-12-12 16:00:00','1139','324321237','0',1218),('4','nur@gmail.com','0565432345','regular',400,323,'jurasic','2020-12-13 08:00:00','null','777666554','0',1219),('2','Robert@gmail.com','0543456544','member',200,129.2,'jurasic','2020-12-13 12:00:00','1116','111222336','0',1220),('15','Cameron@yahoo.com','0503456541','group',1500,1068.75,'jurasic','2020-12-13 16:00:00','1141','324321239','0',1221),('7','Kylie@gmail.com','0543456545','member',700,532.95,'jurasic','2020-12-14 08:00:00','1117','111222337','0',1222),('5','micha@walla.com','0564345432','regular',500,403.75,'jurasic','2020-12-14 12:00:00','null','345434565','0',1223),('10','LiamN@gmail.com','0503456548','group',1000,712.5,'jurasic','2020-12-14 16:00:00','1140','324321238','0',1224),('1','shir@gmail.com','0564321231','regular',100,80.75,'jurasic','2020-12-15 08:00:00','null','776655664','0',1225),('6','Kendel@gmail.com','0543456546','member',600,468.35,'jurasic','2020-12-15 12:00:00','1118','111222338','0',1226),('9','Maluma@yahoo.com','0503456545','group',900,641.25,'jurasic','2020-12-15 16:00:00','1137','324321235','0',1227),('2','mil@gmaill.com','0532343212','regular',200,161.5,'jurasic','2020-12-16 08:00:00','null','987876765','0',1228),('1','Kris@gmail.com','0543456547','member',100,64.6,'jurasic','2020-12-16 12:00:00','1119','111222339','0',1229),('5','Liam@gmail.com','0503456547','group',500,356.25,'jurasic','2020-12-16 16:00:00','1139','324321237','0',1230),('1','loi@gmail.com','0543456787','regular',100,80.75,'jurasic','2020-12-17 08:00:00','null','123432124','0',1231),('9','Jason@gmail.com','0503456546','group',900,641.25,'jurasic','2020-12-17 12:00:00','1138','324321236','0',1232),('8','Scott@gmail.com','0543456548','member',800,613.7,'jurasic','2020-12-17 16:00:00','1120','111221333','0',1233),('4','gal@walla.com','0567654567','regular',400,323,'jurasic','2020-12-18 08:00:00','null','454323432','0',1234),('10','LiamN@gmail.com','0503456548','group',1000,712.5,'jurasic','2020-12-18 12:00:00','1140','324321238','0',1235),('3','Kourtney@gmail.com','0543456541','member',300,193.79999999999998,'jurasic','2020-12-18 16:00:00','1114','111222334','0',1236),('4','Kourtney@gmail.com','0543456541','member',400,274.54999999999995,'jurasic','2020-12-19 08:00:00','1114','111222334','0',1237),('1','lori@gmail.com','0598964324','regular',100,80.75,'jurasic','2020-12-19 12:00:00','null','233322212','0',1238),('6','Jason@gmail.com','0503456546','group',600,427.5,'jurasic','2020-12-19 16:00:00','1138','324321236','0',1239),('8','rona@walla.com','0598767876','regular',800,646,'jurasic','2020-12-20 08:00:00','null','333223221','0',1240),('2','Matt@yahoo.com','0533456547','member',200,129.2,'jurasic','2020-12-20 12:00:00','1134','234543348','0',1241),('14','Cameron@yahoo.com','0503456541','group',1400,997.5,'jurasic','2020-12-20 16:00:00','1141','324321239','0',1242),('5','hello@gmail.com','0584678765','regular',500,403.75,'jurasic','2020-12-21 08:00:00','null','243423423','0',1243),('15','Maluma@yahoo.com','0503456545','group',1500,1068.75,'jurasic','2020-12-21 12:00:00','1137','324321235','0',1244),('5','kim@gmail.com','0543456543','member',500,339.15,'jurasic','2020-12-21 16:00:00','1113','111222333','0',1245),('9','milan@walla.com','0564345676','regular',900,726.75,'jurasic','2020-12-22 08:00:00','null','345432344','0',1246),('7','Matt@yahoo.com','0533456547','member',700,500.65,'jurasic','2020-12-22 12:00:00','1134','234543348','0',1247),('15','Jason@gmail.com','0503456546','group',1500,1068.75,'jurasic','2020-12-22 16:00:00','1138','324321236','0',1248),('4','Oprah@yahoo.com','0523456543','member',400,290.7,'jurasic','2020-12-23 08:00:00','1121','222333444','0',1249),('12','Cameron@yahoo.com','0503456541','group',1200,855,'jurasic','2020-12-23 12:00:00','1141','324321239','0',1250),('2','Bradley@yahoo.com','0523456542','member',200,145.35,'jurasic','2020-12-23 16:00:00','1123','222333442','0',1251),('1','rona@walla.com','0598767876','regular',100,80.75,'jurasic','2020-12-24 08:00:00','null','333223221','0',1252),('15','LiamN@gmail.com','0503456548','group',1500,1068.75,'jurasic','2020-12-24 12:00:00','1140','324321238','0',1253),('2','Khloe@gmail.com','0543456542','member',200,129.2,'jurasic','2020-12-24 16:00:00','1115','111222335','0',1254),('6','eyal@gmail.com','0589876787','regular',600,484.5,'jurasic','2020-12-25 08:00:00','null','034321234','0',1255),('5','Rihanna@gmail.com','0533456544','member',500,339.15,'jurasic','2020-12-25 12:00:00','1131','234543341','0',1256),('14','Jason@gmail.com','0503456546','group',1400,997.5,'jurasic','2020-12-25 16:00:00','1138','324321236','0',1257),('6','Angelina@yahoo.com','0503457441','member',600,387.59999999999997,'jurasic','2020-12-26 08:00:00','1142','325321239','0',1258),('8','lori@gmail.com','0598964324','regular',800,646,'jurasic','2020-12-26 12:00:00','null','233322212','0',1259),('11','Cameron@yahoo.com','0503456541','group',1100,783.75,'jurasic','2020-12-26 16:00:00','1141','324321239','0',1260),('9','Hay@yahoo.com','0523459945','regular',900,726.75,'jurasic','2020-12-27 08:00:00','null','123432123','0',1261),('14','Maluma@yahoo.com','0503456545','group',1400,997.5,'jurasic','2020-12-27 12:00:00','1137','324321235','0',1262),('3','Selena@yahoo.com','0523456547','member',300,226.1,'jurasic','2020-12-27 16:00:00','1127','234543345','0',1263),('2','Robert@gmail.com','0543456544','member',200,129.2,'jurasic','2020-12-28 08:00:00','1116','111222336','0',1264),('12','Maluma@yahoo.com','0503456545','group',1200,855,'jurasic','2020-12-28 12:00:00','1137','324321235','0',1265),('4','shir@gmail.com','0564321231','regular',400,323,'jurasic','2020-12-28 16:00:00','null','776655664','0',1266),('1','jack@gmail.com','0546765432','regular',100,80.75,'jurasic','2020-12-29 08:00:00','null','897787765','0',1267),('13','LiamN@gmail.com','0503456548','group',1300,926.25,'jurasic','2020-12-29 12:00:00','1140','324321238','0',1268),('5','Robert@gmail.com','0543456544','member',500,371.45,'jurasic','2020-12-29 16:00:00','1116','111222336','0',1269),('7','gal@walla.com','0567654567','regular',700,565.25,'jurasic','2020-12-30 08:00:00','null','454323432','0',1270),('4','Justin@yahoo.com','0523456544','member',400,290.7,'jurasic','2020-12-30 12:00:00','1124','222333443','0',1271),('11','Cameron@yahoo.com','0503456541','group',1100,783.75,'jurasic','2020-12-30 16:00:00','1141','324321239','0',1272),('6','micha@walla.com','0564345432','regular',600,484.5,'jurasic','2020-12-31 08:00:00','null','345434565','0',1273),('7','Kendel@gmail.com','0543456546','member',700,549.1,'jurasic','2020-12-31 12:00:00','1118','111222338','0',1274),('14','LiamN@gmail.com','0503456548','group',1400,997.5,'jurasic','2020-12-31 16:00:00','1140','324321238','0',1275);
/*!40000 ALTER TABLE `orders` ENABLE KEYS */;
UNLOCK TABLES;

--
-- Dumping data for table `park`
--

LOCK TABLES `park` WRITE;
/*!40000 ALTER TABLE `park` DISABLE KEYS */;
INSERT INTO `park` VALUES ('disney','0','50','20','100','0.98'),('jurasic','0','50','40','100','0.95'),('universal','5','50','30','100','0.99');
/*!40000 ALTER TABLE `park` ENABLE KEYS */;
UNLOCK TABLES;

--
-- Dumping data for table `pendingmanagerrequests`
--

LOCK TABLES `pendingmanagerrequests` WRITE;
/*!40000 ALTER TABLE `pendingmanagerrequests` DISABLE KEYS */;
INSERT INTO `pendingmanagerrequests` VALUES (12344,'max_c',60,30,'','2001-01-00 00:00:00','2001-01-00 00:00:00','jurasic'),(12344,'max_o',60,20,'','2001-01-00 00:00:00','2001-01-00 00:00:00','jurasic'),(12347,'max_c',60,20,'','2001-01-00 00:00:00','2001-01-00 00:00:00','universal'),(12347,'max_o',60,10,'','2001-01-00 00:00:00','2001-01-00 00:00:00','universal');
/*!40000 ALTER TABLE `pendingmanagerrequests` ENABLE KEYS */;
UNLOCK TABLES;

--
-- Dumping data for table `pendingwaitlist`
--

LOCK TABLES `pendingwaitlist` WRITE;
/*!40000 ALTER TABLE `pendingwaitlist` DISABLE KEYS */;
INSERT INTO `pendingwaitlist` VALUES ('1115','2021-01-09 03:37:04'),('1116','2021-01-09 03:37:04'),('1117','2021-01-09 03:37:04');
/*!40000 ALTER TABLE `pendingwaitlist` ENABLE KEYS */;
UNLOCK TABLES;

--
-- Dumping data for table `waitinglist`
--

LOCK TABLES `waitinglist` WRITE;
/*!40000 ALTER TABLE `waitinglist` DISABLE KEYS */;
INSERT INTO `waitinglist` VALUES ('8','Scott@gmail.com','0543456548','member',800,613.7,'jurasic','2021-01-17 08:00:00','1120','111221333','0',1112),('8','Kylie@gmail.com','0543456545','member',800,613.7,'jurasic','2021-01-17 08:00:00','1117','111222337','0',1113),('8','Hailey@yahoo.com','0523456545','member',800,565.25,'jurasic','2021-01-18 08:00:00','1126','222333446','0',1114),('3','Justin@yahoo.com','0523456544','member',300,209.95,'jurasic','2021-01-19 12:00:00','1124','222333443','0',1115),('15','Angelina@yahoo.com','0503457441','member',1500,1082.05,'jurasic','2021-01-20 08:00:00','1142','325321239','0',1116);
/*!40000 ALTER TABLE `waitinglist` ENABLE KEYS */;
UNLOCK TABLES;
/*!40103 SET TIME_ZONE=@OLD_TIME_ZONE */;

/*!40101 SET SQL_MODE=@OLD_SQL_MODE */;
/*!40014 SET FOREIGN_KEY_CHECKS=@OLD_FOREIGN_KEY_CHECKS */;
/*!40014 SET UNIQUE_CHECKS=@OLD_UNIQUE_CHECKS */;
/*!40101 SET CHARACTER_SET_CLIENT=@OLD_CHARACTER_SET_CLIENT */;
/*!40101 SET CHARACTER_SET_RESULTS=@OLD_CHARACTER_SET_RESULTS */;
/*!40101 SET COLLATION_CONNECTION=@OLD_COLLATION_CONNECTION */;
/*!40111 SET SQL_NOTES=@OLD_SQL_NOTES */;

-- Dump completed on 2021-01-09 12:37:26
